{"cameraMode":{"drawMode":0,"name":"Shaded","section":"Shading Mode"},"sceneLighting":false,"audioPlay":false,"sceneViewState":{"showFog":true,"showMaterialUpdate":false,"showSkybox":false,"showFlares":true,"showImageEffects":true,"showParticleSystems":true},"in2DMode":false,"pivot":{"x":-1.2281090021133423,"y":0.6427370309829712,"z":4.574061393737793},"rotation":{"x":0.07528012990951538,"y":0.11936763674020767,"z":-0.009077144786715508,"w":0.9899507761001587},"size":4.595109939575195,"orthographic":false}