{"cameraMode":{"drawMode":0,"name":"Shaded","section":"Shading Mode"},"sceneLighting":true,"audioPlay":false,"sceneViewState":{"showFog":true,"showMaterialUpdate":false,"showSkybox":false,"showFlares":true,"showImageEffects":true,"showParticleSystems":true},"in2DMode":false,"pivot":{"x":1.5542601346969605,"y":0.8678469657897949,"z":1.5810503959655762},"rotation":{"x":0.17547962069511414,"y":0.007383584510535002,"z":-0.00131614797282964,"w":0.9844554662704468},"size":3.4464845657348635,"orthographic":false}