{"cameraMode":{"drawMode":0,"name":"Shaded","section":"Shading Mode"},"sceneLighting":false,"audioPlay":false,"sceneViewState":{"showFog":true,"showMaterialUpdate":false,"showSkybox":false,"showFlares":true,"showImageEffects":true,"showParticleSystems":true},"in2DMode":false,"pivot":{"x":-6.289979457855225,"y":4.6274518966674809,"z":6.704980850219727},"rotation":{"x":0.25858303904533389,"y":-0.11270725727081299,"z":0.030393045395612718,"w":0.9589102268218994},"size":10.059325218200684,"orthographic":false}