{"cameraMode":{"drawMode":0,"name":"Shaded","section":"Shading Mode"},"sceneLighting":false,"audioPlay":false,"sceneViewState":{"showFog":true,"showMaterialUpdate":false,"showSkybox":false,"showFlares":true,"showImageEffects":true,"showParticleSystems":true},"in2DMode":false,"pivot":{"x":1.8830783367156983,"y":0.3013571798801422,"z":4.138734340667725},"rotation":{"x":0.017954178154468538,"y":-0.07043079286813736,"z":0.0012683210661634803,"w":0.9973604083061218},"size":2.8958964347839357,"orthographic":false}