{"cameraMode":{"drawMode":0,"name":"Shaded","section":"Shading Mode"},"sceneLighting":false,"audioPlay":false,"sceneViewState":{"showFog":true,"showMaterialUpdate":false,"showSkybox":false,"showFlares":true,"showImageEffects":true,"showParticleSystems":true},"in2DMode":false,"pivot":{"x":11.351308822631836,"y":-7.7394561767578129,"z":9.834724426269532},"rotation":{"x":0.24616579711437226,"y":0.3664756715297699,"z":-0.10118777304887772,"w":0.8915492296218872},"size":10.822309494018555,"orthographic":false}